rec_id,given_name,surname,street_number,address_1,address_2,suburb,postcode,state,date_of_birth,soc_sec_id
rec-0-org,rachael,dent,1,knox street,lakewood estate,byford,4129,vic,19280722,1683994
rec-1-org,isabella,everett,25,pike place,rowethorpe,marsden,2152,nsw,19110816,6653129
rec-2-org,olivia,trigwell,13,waldock street,wilpena,new lambton heights,3194,vic,19571126,9991752
rec-3-org,reeve,stanley,4,alawa street,rowethorpe d1,mourilyan,2474,sa,19190811,5961670
rec-4-org,jayde,crouch,42,weston street,waimaru,niagara park,2119,wa,19250406,8892697
rec-5-org,josephine,yu,145,hensman street,lambar,burwood,6164,wa,19110903,5792336
rec-6-org,holly,petersen,13,marou place,never die,birkdale,6530,nsw,19271213,9500792
rec-7-org,jasmine,silvestro,41,nott street,tathra river est,middleton beach,3173,nsw,19560720,9873948
rec-8-org,nicholas,procter,1,cavanaugh street,sherwood,leeville,2089,nsw,19031219,2662272
rec-9-org,paris,reid,39,crowder circuit,,st ives,3225,vic,19980826,2553313
rec-10-org,lachlan,reid,5,carrington road,legacy vlge,yagoona,2464,nsw,19500531,3232033
rec-11-org,jake,fawkner,,wolff crescent,,proserpine,4011,vic,19500506,3844004
rec-12-org,caitlin,hingston,29,braine street,,willagee,6020,nsw,19980805,7044257
rec-13-org,thomas,slack-smith,106,hawken street,emmaus vlge,kirwan,2566,vic,19900607,2094894
rec-14-org,raquel,lodge,60,archibald street,,balwyn north,2025,wa,19280505,9100106
rec-15-org,kyle,brain,8,stillwell place,gillin park,bellambi,2320,,19630812,8358959
rec-16-org,jade,innis,9,gingana street,ivydale (rsd 1820),seventeen mile rocks,2011,qld,19170426,2049123
rec-17-org,william,dixon,89,longman street,fernlea,rosebud,3315,nsw,19960927,7060978
rec-18-org,riley,kerr-sullivan,166,clem hill street,mindaree,oyster bay,7325,vic,19090429,7355856
rec-19-org,chloe,radinger,5,chandler street,namarva station,hawthorn,2614,vic,19120808,8644024
rec-20-org,brody,lowe,100,waller crescent,keanor,armidale,4055,sa,19900409,8444970
rec-21-org,abbey,hoffman,6,colmer street,rosetta village,keilor,4285,nsw,19070925,4455111
rec-22-org,tayah,white,87,chowne street,sweet waters,mona vale,2206,sa,19390323,2815977
rec-23-org,pace,musolino,16,guerin place,rosetta village,thornbury,4019,nsw,19640423,5906492
rec-24-org,lauren,mellick,54,lewis luxton avenue,,cooks hill,2161,qld,19561107,9988724
rec-25-org,joel,campbell,16,savige street,glenmore,arana hills,3152,nsw,19880824,5412397
rec-26-org,natalee,campbell,37,upton street,brentwood village,woollahra,3355,wa,19990213,2201146
rec-27-org,angelina,campbell,161,jackie howe crescent,bugoren,woorim,6052,nsw,19531108,8948230
rec-28-org,blake,bracci,159,duffy street,hillcrest lodge,bacchus marsh,4510,nsw,19590213,9959006
rec-29-org,kylee,kincaid,16,eucumbene drive,ochiltree,leongatha,2232,qld,19300802,4662381
rec-30-org,xavier,campbell,9,norton street,pine camp,coniston,5092,nsw,19640316,9178267
rec-31-org,laura,white,67,arndell street,riverbend,hoppers crossing,6053,vic,19900615,7517707
rec-32-org,caleb,spurden,119,mcalpine place,greenslopes,boyne island,4228,sa,19580816,8017617
rec-33-org,ryan,clarke,42,goodchild street,villa 5,sandy bay,2095,nsw,19940903,9100049
rec-34-org,mollie,castellari,5,jackie howe crescent,,ardmona,3976,wa,19760616,1378454
rec-35-org,kiandra,lock,33,dampier crescent,kalang,cardiff,3500,qld,19330410,1004953
rec-36-org,liam,bottroff,5,jindivik place,homewood,meringandan,3222,vic,19640816,5214622
rec-37-org,lachlan-john,snelling,20,summerville crescent,harvic,maldon,3206,vic,19660114,7931741
rec-38-org,aiden,thorpe,45,chauvel circle,eureka,rowville,2767,nsw,19270407,6959840
rec-39-org,gabrielle,blake,360,hardwick crescent,carramar home,camp hill,2010,qld,19960302,5207765
rec-40-org,finlay,coffey,3,summerland circuit,,auburn,3216,tas,19001106,5825057
rec-41-org,lucy,drought,1,solander place,janefield,moonah west,4879,vic,19230101,7649261
rec-42-org,sarah,pringle,49,pitcairn street,riverside park,meadow springs,3305,qld,,1621253
rec-43-org,sarah,neylon,8,wilkinson street,,guilderton,2481,nsw,19100224,3794258
rec-44-org,natassia,grubb,224,merv waite street,kookaburra village,currambine,2871,vic,19960704,4790954
rec-45-org,adam,coleman,14,ewart street,camrai village,springfield,2795,nsw,19491108,6543835
rec-46-org,april,bellchambers,2,borrowdale street,,wollongong north,2080,qld,19970426,8134681
rec-47-org,finn,white,403,mcculloch street,all saints college,kempsey,6084,qld,19450410,9601625
rec-48-org,georgia,shih,14,furey street,hopeview,toowoomba,6008,nsw,19870324,1794716
rec-49-org,madison,bradshaw,13,jardine street,,norwood,2335,sa,19490115,8836136
rec-50-org,emerson,reid,5,kater place,forest views,acacia ridge,4215,nt,19820814,2582300
rec-51-org,ella,blunden,37,freda gibson circuit,croyde,paddington,2770,sa,19401209,3593307
rec-52-org,abbey,dixon,1,marcus clarke street,grasmere park,scarborough,3141,qld,19441008,8127929
rec-53-org,molly,parr,52,jerrabomberra avenue,villa 80,mayfield,2082,nsw,19500910,7961724
rec-54-org,imogen,whillas,121,embley street,flowerydale,molong,2170,tas,19090319,7145066
rec-55-org,harrison,herbert,9,davidson street,allamby biala street,mulgrave east,4871,nsw,19420918,4129781
rec-56-org,jacob,mcfadden,70,cowdery place,plumpton park,sunshine,5086,nsw,19090731,9735499
rec-57-org,brianna,feast,23,brentnall place,blacklead farm,atherton,4650,nsw,19181028,1261908
rec-58-org,jayde,glass,15,macarthur avenue,shillelagh park,glenella,3200,vic,19161226,9446563
rec-59-org,harley,paepke,24,callaghan street,hd allenby,jindalee,7250,nsw,19120621,6421301
rec-60-org,tiana,ryan,146,doyle terrace,danric lodge,tottenham,3355,sa,19280723,6141484
rec-61-org,matthew,sincovich,95,grylls crescent,,barrack heights,4221,nsw,19600731,4440480
rec-62-org,jake,coleman,1,sturt avenue,rivonia,sunshine north,3058,nsw,19450706,6061178
rec-63-org,max,george,52,bunbury street,doctors flat,coolum beach,2230,vic,19031106,1932739
rec-64-org,emiily,godfrey,5,federal highway,tannamurra,bundaberg,4065,qld,19281007,8378813
rec-65-org,benjamin,moody,34,fernyhough crescent,huongold,port augusta,3192,vic,19180612,4887764
rec-66-org,koula,houweling,3,mileham street,old airdmillan road,williamstown,2350,nsw,19440718,6375537
rec-67-org,erin,matthews,10,williamson street,yaraan,kilcoy,4218,qld,19991129,7747845
rec-68-org,roy,howie,59,reader court,rosebery hill,wanniassa,4213,qld,19360115,9350479
rec-69-org,shaun,sleath,59,moorhouse street,inverneath,eight mile plains,3805,sa,19580910,2873897
rec-70-org,andrew,boyle,17,curtain place,,picton,3184,qld,19400722,1618417
rec-71-org,connor,tromp,8,eildon place,willtarny,east maitland,4740,qld,19280129,8096262
rec-72-org,keira,lowe,15,morant circuit,wilding,warburton,4061,qld,19900523,4044906
rec-73-org,eloise,afford,188,denny street,fairfield housing bg,caves beach,2118,nsw,19090702,8884493
rec-74-org,sonja,nguyen,2,eyre street,,lake clarendon,5023,nt,19591021,6742110
rec-75-org,lachlan,webb,19,national circuit,,safety bay,7250,qld,19370423,4001224
rec-76-org,,miteff,10,tristania street,goldenoaks village,brookvale,3156,nsw,19550618,9393286
rec-77-org,gillian,chandler,232,caladenia street,,gowrie,3150,nsw,19960922,4237925
rec-78-org,stelio,hand,23,mehaffey crescent,airforce memorial estate,roleystone,2456,nsw,19540125,3373062
rec-79-org,joel,rundle,108,rosebery street,st vincents hospital,dunsborough,2317,nsw,19780403,8984765
rec-80-org,blake,white,198,boldrewood street,winter park,nunawading,2067,sa,19180815,5832531
rec-81-org,daniele,burford,71,waddell place,pine view,junee,4055,qld,,3005084
rec-82-org,alice,godfrey,2919,florence taylor street,wilga,kempsey,2761,vic,19910330,3541229
rec-83-org,joshua,stanley,1,weddin circuit,rocklands,cabramatta,7320,nsw,19381229,5425400
rec-84-org,george,de boar,304,gungurra crescent,black snake creek,exeter,2430,nsw,19051129,2671881
rec-85-org,joselyn,dakin,19,abernethy street,kanangra hostel,manunda,3028,wa,19261205,4852063
rec-86-org,aiden,son,17,sharwood crescent,,lakemba,2866,sa,19490716,3651118
rec-87-org,shandril,flockhart,6,maclean street,seaford,ganmain,7006,vic,19410912,2925713
rec-88-org,sebastian,ryan,465,mathews place,don ray,chester hill,4210,nsw,19080114,8520668
rec-89-org,ned,stephenson,46,donohoe place,australia arcade,menangle,2222,vic,19750118,6310028
rec-90-org,barnaby,godfrey,18,hopegood place,osters,brighton,5086,nsw,19461029,4625012
rec-91-org,jacob,clarke,10,ebden street,,loganlea,6061,tas,19181001,9535708
rec-92-org,alana,frahn,530,a'beckett street,pyramid caravn park,lakes entrance,2477,vic,19630307,4624018
rec-93-org,charlotte,bristow,22,mockridge crescent,nioka,harbord,5086,nsw,19351112,4814908
rec-94-org,james,compton,19,brewster place,st john of god hospital,edithvale,2234,nsw,19340309,3926610
rec-95-org,mikayla,webb,144,cooling place,,norwood,0800,sa,19880716,8983519
rec-96-org,george,macha,25,tepper circuit,erins rest,kardinya,2758,vic,19270326,8072800
rec-97-org,campbell,dichiera,478,quiros street,edenlea retirement,frenchs forest,2478,qld,19851030,7481927
rec-98-org,,mchenry,80,gurnai place,umavale,eaton,4215,vic,19340302,4214409
rec-99-org,blake,wehr,27,naas close,rowethorpe,stockton,2151,wa,19440131,7528586
rec-100-org,hayden,stapley,38,tindale street,villa 2,cromer heights,4125,vic,,4620080
rec-101-org,dillon,coleman,8,paul coe crescent,clinton caravan park,yarraville,3260,nsw,19531117,1835941
rec-102-org,elli,sindorff,15,lansell circuit,palestine,yagoona,2145,sa,19671114,5791840
rec-103-org,amelia,kingswell,12,balbo place,sunny braes,tuchekoi,3192,vic,19520510,7388956
rec-104-org,daniella,steinbacher,5,brigden crescent,the village condo 7,bridgewater,6101,vic,19360208,7992465
rec-105-org,breony,webb,10,lewis luxton avenue,court units,duncraig,4216,nsw,19680529,8214196
rec-106-org,elysse,mason,12,zeitz court,cleveland waters,bayswater,3840,qld,19730217,9809705
rec-107-org,samuel,george,30,dobinson place,grand view,yarrawonga,4170,vic,19070403,8880903
rec-108-org,madison,seddon,9,wirilda street,killarney,rosebery,4109,vic,19770403,7497285
rec-109-org,daniel,fysh,27,appel crescent,wildes mdw,hermit park,2333,nsw,19620207,8595168
rec-110-org,amber,coleman,13,lennard street,barnawartha,bourke,4163,vic,19960625,2700453
rec-111-org,amy,seetoh,50,busby street,bellfield,st albans,2870,qld,19160523,4467636
rec-112-org,lachlan,white,81,gabriel place,,parramatta,3030,qld,19210910,2637042
rec-113-org,gabrielle,langer,562,delegate street,oak valley,paddington,3910,wa,19800810,6248832
rec-114-org,alana,green,2,wittenoom crescent,tulla burra,mount eliza,4051,wa,19030904,7711269
rec-115-org,michael,micke,77,rich street,boonoo boonoo,rokeby,5271,sa,19561107,9010254
rec-116-org,annika,mason,50,ainsworth street,legacy units,eaglehawk,5159,sa,19860615,2777725
rec-117-org,nicholas,huxley,12,biala place,c w v,anglesea,3109,nsw,19921105,6501674
rec-118-org,hannah,carbray,5,rawson street,cranbrook,mayfield,2032,wa,19170912,7822273
rec-119-org,sarah,jolly,2192,callaway crescent,spring ridge,kingsville,3995,wa,19161127,5871517
rec-120-org,tynan,,2,galleghan circuit,,wakeley,4655,wa,19800407,1022048
rec-121-org,alexandra,vinaev,88,kinsella street,brentwood village,leeton,2045,act,19161210,5025450
rec-122-org,bianca,ryan,67,de little circuit,march rising,westmead,6163,wa,19091028,4864427
rec-123-org,angie,mcgahey,54,moore street,farnorah home,elwood,4077,vic,19001102,8638894
rec-124-org,joel,finlay,3,budyan court,mountain view village,adamstown heights,2095,nsw,19171215,5425013
rec-125-org,ruby,reid,12,judkins street,the willows,airds,4350,sa,19300620,8834327
rec-126-org,nikki,jaric,13,renmark street,parish lorne,chester hill,2106,nsw,19520401,9272010
rec-127-org,imogen,boyle,57,gilmore crescent,village walk (cnr high s street,safety bay,3088,qld,19360622,4299413
rec-128-org,jasper,rylands,10,abernethy street,,ingleburn,2784,nsw,19730615,9353426
rec-129-org,ebonie,myles,262,inlander crescent,ferndale,albany creek,2250,qld,19300201,8494390
rec-130-org,harry,mcgregor,8,vanzetti crescent,mansfield park,taree,2763,nsw,19670709,2611052
rec-131-org,joshua,beatton,118,nunan crescent,kimbe,bundaberg,2171,sa,19090913,2110769
rec-132-org,bryce,clarke,15,kellick place,beau-ridge,mill park,4413,tas,19821213,6173366
rec-133-org,jackson,koklas,43,cousin place,villa 2,pearcedale,7018,wa,19850701,1074399
rec-134-org,delaney,,3,o'sullivan street,the lodge,mount evelyn,2166,nsw,19331220,7133986
rec-135-org,dylan,lomman,1,cockburn street,hyland,taloumbi,2756,vic,19941224,2435246
rec-136-org,emmerson,dolan,339,tewksbury circuit,weeroona,parkside,3216,nsw,19180630,3018384
rec-137-org,thomas,paine,215,ina gregory circuit,stone oak farm,kilcoy,7330,wa,19881207,2550718
rec-138-org,reuben,sette,6,griffiths street,the sandys,valley view,3159,nsw,19880626,4637182
rec-139-org,holly,rieman,3,heagney crescent,winter park,devonport,2546,qld,19751221,5260793
rec-140-org,thomas,bullock,5,mccawley street,yarrabin,oakleigh,2448,nsw,19260922,2517453
rec-141-org,peta,callister,16,baracchi crescent,jaholma park,moranbah,2117,qld,19700110,4177367
rec-142-org,emiily,jeffries,39,oxley street,paddy,blair athol,4051,wa,19250402,9596327
rec-143-org,cameron,paterson,27,florey drive,palm springs vlge,dandenong north,6210,qld,19560821,7463970
rec-144-org,olivia,white,2,sturt avenue,berkeley vlge,ringwood,5016,wa,19941026,7159814
rec-145-org,kieren,steers,10,whittell crescent,loma,east innisfail,2280,nsw,19060603,1532338
rec-146-org,oliver,berry,18,arthaldo court,kalang,bayview,3802,nsw,19720119,2589280
rec-147-org,cassandra,lock,5,glossop crescent,kames,scarborough,6153,nsw,19371206,2516564
rec-148-org,charlotte,suth,12,deasland place,carisbrook,belmont,4814,nsw,19191009,8934958
rec-149-org,carla,hofhuis,7,mcculloch street,wytaliba,south brisbane,4066,nsw,19660816,3472110
rec-150-org,ned,clarke,11,london circuit,villa 5,carnegie,5073,wa,19740801,4238081
rec-151-org,arabella,reid,35,baracchi crescent,argyle,hermit park,3806,qld,19640323,1433160
rec-152-org,lewis,portlock,11,english court,,burwood,2541,nsw,19240603,6033701
rec-153-org,jake,reid,25,agnew street,sunnyview,toowoomba,3450,vic,19230613,2239660
rec-154-org,joel,bowran,16,port arthur street,laure,bundaberg,3927,wa,19670412,3484624
rec-155-org,lachlan,meeking,20,whitford place,westella,kyabram,2148,vic,19580816,8359944
rec-156-org,benjamin,rivers,31,barlow street,doribank,alice springs,2298,vic,19160517,4713796
rec-157-org,lachlan,coleman,59,marsden street,bell place (cnr bell r road,richmond west,3995,tas,19060305,2870281
rec-158-org,abbey,,17,starke street,gordale,fadden,2286,vic,19150829,6050399
rec-159-org,connor,toms,22,taggerty street,vivigani,malvern east,7310,qld,19991026,6080369
rec-160-org,emiily,gnesel,,antill street,trewilga,croydon north,2641,nsw,,5249754
rec-161-org,tanyshah,david,3,redcliffe street,northwood park,palana,3166,qld,19680823,6914643
rec-162-org,portia,weaver,34,angophora street,knox retirement village,parramatta,3192,vic,19560218,7422879
rec-163-org,darcy,ben-gurion,3,howitt street,arlington,,3151,nsw,19691225,8281055
rec-164-org,ruby,jesser,37,boult place,catumbel lodge,broadbeach waters,6230,nsw,19680506,3452449
rec-165-org,ryan,allsopp,25,warramoo crescent,shiloah,atherton,3796,qld,19920806,5369163
rec-166-org,robert,nguyen,22,barlow street,fred lean hostel,dickson,6152,nsw,19140127,9527501
rec-167-org,jacqueline,finlay,8,nerli place,moondani,st albans,6084,vic,19831107,6173156
rec-168-org,kaitlin,,4,hawkins close,tullatrundle,eaglehawk,4280,nsw,19671026,9904441
rec-169-org,nicola,leonardi,22,port arthur street,crown chambers,ryde,2299,nsw,19170219,3568632
rec-170-org,isabella,stephenson,38,majura avenue,mafeking,emerald,2212,qld,19840307,6292167
rec-171-org,laklynn,mcneill,73,forbes street,peridon vlge,tuart hill,4217,nsw,19690421,8431709
rec-172-org,adam,craze,,mcclintock street,loma langie,portarlington,3199,wa,19270510,3239913
rec-173-org,andrew,renfrey,23,woolner circuit,mindaree,salisbury,3844,nsw,19490115,9309636
rec-174-org,xanthe,rasic,16,ivo whitton circuit,anice-ohn,mulgrave east,2330,vic,19520527,5541516
rec-175-org,james,brain,31,benham street,tagarra,belmont,3162,nsw,19860305,8028191
rec-176-org,lara,seychell,271,ferber place,brentwood vlge,highgate,5501,vic,19060816,9577137
rec-177-org,aidan,campbell,41,edwards street,clanville,rolleston,4130,nsw,19410718,8324852
rec-178-org,kirra,okoniewski,11,,molyneux hse,kardinya,5330,nsw,19700823,2077704
rec-179-org,vincent,braithwaite,29,tweed place,brileen,cabramatta,5051,vic,19740815,8052521
rec-180-org,thomas,white,42,cochrane crescent,balmoral garden,sefton,3136,qld,19800413,1153372
rec-181-org,portia,coumans,14,wakool circuit,silverweir,geurie,3875,qld,19060626,6637994
rec-182-org,holly,webb,40,kirkland circuit,meemar,wahroonga,3149,sa,19790526,5682368
rec-183-org,connor,orpwood,171,domain street,brampton,parkdale,2040,vic,19870522,2514560
rec-184-org,tiana,worthington-eyre,24,hassell place,governors resort,corrimal,6112,qld,19171101,3674431
rec-185-org,maxin,burford,190,dixon drive,ingledell,aspley,2090,nsw,19030325,6228407
rec-186-org,georgia,campbell,22,kalgoorlie crescent,rowethorpe,sherwood,3134,nsw,19730322,6197687
rec-187-org,henry,varcoe,4,fox place,cabbage tree,robina,6051,wa,19440630,4816938
rec-188-org,,greenland,3,dines place,bayford cottage,blue haven,2526,vic,19240628,5073770
rec-189-org,madison,warneke,24,hopkins street,urara,ballarat,2444,nsw,19861016,9508340
rec-190-org,,alias,24,elkington street,pangani,isle of capri,2145,sa,19650429,8261472
rec-191-org,madeline,liteplo,28,mckay garden,kangaroo grnd,creswick,2871,nsw,19640410,9983895
rec-192-org,madeline,huxley,7,murrell place,westbury,orange,3939,nsw,19850421,5740778
rec-193-org,ethan,nguyen,1932,lodder place,tobruk hse,clayfield,4405,tas,19971105,1140575
rec-194-org,jayden,sekulitch,872,casuarina street,cottage rose,yagoona,4503,nsw,19310401,6055233
rec-195-org,daniel,crook,7,liffey circuit,rajamare,frankston,3266,nsw,19971114,5337955
rec-196-org,taylah,polak,17,majura avenue,palm lake resort,waverley,2770,nsw,19330303,3652195
rec-197-org,ruby,nguyen,26,barraclough crescent,northbridge park,st peters,4011,qld,19521110,8292725
rec-198-org,isabella,spicer,19,lumeah street,lochinvah,boyne island,2780,wa,19130404,1159942
rec-199-org,william,kammermann,6,clive steele avenue,2nd last on right,newcastle west,2804,vic,19430126,3515659
rec-200-org,gianni,carrabba,670,bambridge street,grangemore,bassendean,2602,vic,19740108,9777753
rec-201-org,claudia,huxley,108,crease place,edellen,north ryde,2464,vic,19441020,9295307
rec-202-org,alexander,drymis,47,feltus place,springbanks,highton,2041,nsw,19571119,4370533
rec-203-org,daniel,hebberman,181,limestone avenue,rowethorpe,sunshine north,6168,qld,19550320,9996479
rec-204-org,jed,boulter,41,mcmillan crescent,old post office,bundaberg,5213,nsw,19471229,2521349
rec-205-org,samuel,crimes,91,newbu place,gracemere grdns,cecil hills,5351,vic,19551224,2238755
rec-206-org,lewis,westbrook,14,hutchison crescent,ohio station,seaforth,4128,vic,19081217,5442782
rec-207-org,isabelle,huxley,42,rosenthal street,antigua,hocking,3825,qld,19820920,3356088
rec-208-org,harriet,molland,43,,sheep station,bridgeman downs,6053,nsw,19760523,9418691
rec-209-org,eliza,zimmermann,15,sydney avenue,bass highway,booval,4701,nsw,19480506,6758505
rec-210-org,chelsie,,27,kauper street,lesma,eastwood,4070,nsw,19161017,6512341
rec-211-org,madeline,jolly,6,,crown allot,lilli pilli,2546,nsw,19280509,9133348
rec-212-org,irene,morrison,16,maitland street,the mall,burleigh heads,4077,vic,19650804,9676215
rec-213-org,finn,ryan,5,spowers circuit,champsaur,coombabah,2536,vic,19500807,3429777
rec-214-org,danielle,webb,33,max henry crescent,willows trees,corio,2077,nsw,19711211,7999700
rec-215-org,caleb,roberts-yates,40,millpost close,bandera,cobar,3500,qld,19670914,5399458
rec-216-org,ashleigh,de bono,4,sloane place,villa 2,kilmore,2262,sa,19430521,9702458
rec-217-org,chloe,paine,19,,mortlach,bicton,7024,,19571105,4200847
rec-218-org,jade,browne,407,sabine close,brentwood vlge,leichhardt,4700,vic,19810923,8107465
rec-219-org,hugh,dorsey,25,sid barnes crescent,rowethorpe,werrington,2144,qld,19000625,5695716
rec-220-org,abbey,finlay,14,lipman street,willowcrest,park holme,2680,vic,19711028,2407770
rec-221-org,samantha,mapstone,44,hutchins street,golden ponds resort,maitland,2076,sa,19941127,4499927
rec-222-org,adele,shorrock,116,mack street,manor park,connolly,3149,nsw,19080107,1788372
rec-223-org,ky,kyriacou,30,ash place,kiloran,paddington,2665,nsw,19350528,5592621
rec-224-org,liam,beckwith,6,murrung crescent,brindabella specialist centre,revesby,3155,sa,19730522,2475787
rec-225-org,isabella,sanby,18,veale street,wongowal,west swan,3066,nsw,19181010,7757358
rec-226-org,,faehse,65,henry melville crescent,goonahra,wanniassa,2173,vic,19490602,9923153
rec-227-org,tayah,kiss,20,bateman street,flower growers,vermont south,6163,vic,19741212,6517742
rec-228-org,oliver,verner,29,mcnicoll street,sunbury,berala,3175,vic,19160819,7677004
rec-229-org,jack,mercorella,10,batman street,mannibadar,biggera waters,2290,nsw,19290508,2441074
rec-230-org,taylah,leaver,5,newlop street,moreton,florey,3150,nsw,19130703,3251860
rec-231-org,ellen,harrington,45,kardang street,crosslands,balhannah,3168,vic,19130627,6204857
rec-232-org,nicholas,george,10,hall street,rhode island resort,brighton,3264,nsw,19920715,3273376
rec-233-org,kirra,bahnisch,74,seaborn place,pleasant acres,arundel,3073,nsw,19781119,3690427
rec-234-org,jack,wyllie,11,parker street,fulham park,daisy hill,2440,nsw,19730825,7977290
rec-235-org,katelyn,campbell,11,ogden close,willandra village,preston,2148,tas,19291114,4043690
rec-236-org,hamish,mason,7,langdon avenue,stokes crossing,yarrambat,4060,tas,19010712,6379466
rec-237-org,corey,feeney,2,forbes street,milamba,suffolk park,2049,nsw,19670414,9098376
rec-238-org,max,nevin,36,creswick place,penny lane shopping centre,colonel light gardens,3169,qld,19840223,8258349
rec-239-org,liam,jolly,10,endeavour street,pinnacles caravn park,mansfield,7310,qld,19931105,2505329
rec-240-org,seth,jolly,16,reddall close,arrowgrove,colac,4370,qld,19460808,7445552
rec-241-org,chloe,dunnicliff,10,fraser place,walkabout palms,belgrave,4211,nsw,,9683634
rec-242-org,joshua,green,13,duncan street,euroka,artarmon,4871,qld,19970505,4108253
rec-243-org,riley,bennell,39,sabine close,browne's reef,toowoomba,4556,qld,19441206,1596501
rec-244-org,tayla,matthews,89,may maxwell crescent,the willows,ascot vale,3810,nsw,19021201,3861456
rec-245-org,taylah,meaney,60,lumholtz place,cordelia state,torquay,2282,vic,19470106,1744252
rec-246-org,rosie,morrison,35,kirkwood crescent,villa 183,springwood,2396,vic,19000326,8113043
rec-247-org,brett,falcione,106,burdekin avenue,berragoon,pennant hills,4114,nsw,19890803,3152019
rec-248-org,tiarna,havriluk,47,macquarie street,carrington retrmnt vlge,paralowie,7030,wa,19150929,7263381
rec-249-org,lachlan,shepherd,1,grainger circuit,willandra,adaminaby,7250,nsw,19080122,3139543
rec-250-org,lauren,shack,345,rushbrook circuit,research station,warrandyte,4740,tas,19590103,1987058
rec-251-org,benedict,everett,2,bettington circuit,bay city plaza,valla,3802,nsw,19870303,4768278
rec-252-org,cooper,walkley,181,willcock place,kialba,seven mile beach,2529,nsw,19990209,7199530
rec-253-org,samantha,kerslake,14,howard street,the meadows,keiraville,6167,nsw,19690926,7977658
rec-254-org,ebony,webb,21,knox street,crestwood,highgate,2196,nsw,19001231,5875656
rec-255-org,dante,campbell,5,vaughan garden,kenley lodge,deer park,2572,vic,19641106,7782097
rec-256-org,arabella,holyoak,49,hughes crescent,b,malvern,4405,wa,19280311,8444431
rec-257-org,daniel,ryan,3,de little circuit,the lakes retirement village,brighton-le-sands,2400,,19920826,6267294
rec-258-org,daniel,harrington,,la perouse street,bull plain,bogangar,3173,vic,19030123,4348887
rec-259-org,matisse,chandler,362,mcbryde crescent,21st,gowrie,3498,wa,19980731,5696159
rec-260-org,aleesha,reid,21,cadell street,eventide homes,trafalgar,2582,vic,19840824,6890084
rec-261-org,erin,gascoigne,35,paul coe crescent,curtin house,wangaratta,3824,wa,19760329,8037688
rec-262-org,jake,soden,3,hardwicke place,orange specialist medical centre,bligh park,2852,nsw,19461110,4287888
rec-263-org,john,ryan,19,chuculba crescent,redfern station,cowra,4065,vic,19840524,2056918
rec-264-org,jessica,painton,92,gallagher street,berkeley vlge,north bondi,4740,nsw,19430327,2751175
rec-265-org,hamish,teague,46,middleton circuit,colooli village,burwood,4128,nsw,19731030,9222441
rec-266-org,megan,kristalyn,6,balfour crescent,sunnyview,knockrow,6163,sa,19200816,6619419
rec-267-org,liam,white,33,hargrave street,buderim meadows,caulfield,7250,nsw,19140112,6654477
rec-268-org,phoenix,mason,19,fawkner street,diablo,,6258,sa,19630713,2078364
rec-269-org,summer,deleon,1,uriarra road,tesbury,kurri kurri,2333,qld,19401028,6523096
rec-270-org,sophie,weidenhofer,,owen dixon drive,rosebrook,cremorne,2170,sa,19750525,7013216
rec-271-org,abby,sporn,29,nivison place,key,joyner,2340,sa,19830505,5733964
rec-272-org,annabel,thorpe,5,thake place,parry house,mulgrave east,2537,vic,19480708,1654518
rec-273-org,isabella,stanley,9,spofforth street,the falls,sherwood,3150,nsw,19381021,7253600
rec-274-org,erin,clarke,96,teakle place,,granville,3040,wa,19170313,8285633
rec-275-org,joshua,berryman,91,summerville crescent,medical centre,mount colah,4221,vic,19070709,6570397
rec-276-org,jai,kyriacou,32,garanya street,entry daniels s street,cleveland,2486,nsw,19140906,5490391
rec-277-org,rachel,freeborn,16,may maxwell crescent,melinda lodge,kilsyth,7325,wa,19250411,6206529
rec-278-org,samuel,gilbertson,7,phillips place,bulliac street,potts point,6151,qld,19581011,9448590
rec-279-org,lachlan,laing,65,,bega flats,parap,4101,nsw,19240304,4688353
rec-280-org,joshua,toseland,19,roughley place,bells ck,kings park,5253,wa,19820825,3749440
rec-281-org,evan,calio,40,sugarloaf circuit,mulvra,karalee,3033,nsw,19251026,1186290
rec-282-org,flynn,van heythuysen,,shepherdson place,nunkeri,rose bay,2121,nsw,19780418,3254370
rec-283-org,jenna,shew,21,fincham crescent,rosetta village,thornleigh,3111,vic,19060322,7681478
rec-284-org,jaslyn,jonjic,1,lindrum crescent,rowethorpe,ascot park,4213,vic,19250102,1023721
rec-285-org,bridget,burford,14,gibb place,melaleuca,greenwood,3280,wa,19090212,4048860
rec-286-org,kiara,drechsler,2,shackleton circuit,glenview,bulimba,4064,tas,19590816,4345746
rec-287-org,kira,hand,64,burnside street,cordial factory,limeburners creek,2646,vic,19890422,8605183
rec-288-org,georgia,browne,19,arthur circle,aminya hmes,murrabit,2010,vic,19960923,9940324
rec-289-org,riley,paddon,5,burdekin street,rosetta village,mount eliza,6230,vic,19510214,4214905
rec-290-org,george,webb,16,beatham close,nelsons lake,lakemba,2064,nsw,19721211,6420147
rec-291-org,oliver,howie,28,hazel smith crescent,cala sona,paralowie,2120,vic,19510822,1204980
rec-292-org,oliver,clarke,84,macrobertson street,white lodge,toowoomba,4077,qld,19180825,5422013
rec-293-org,robert,westhorp,26,kosciusko avenue,oak park,port pirie,3106,vic,19371011,1463700
rec-294-org,ellie,badger,,dwyer street,glenlee,west lakes shore,3021,nsw,19001210,4656608
rec-295-org,ash,munyarryun,6,lachlan street,,braddon,2641,nsw,19421130,7370167
rec-296-org,tristan,blackwell,36,yarralumla bay,kookaburra village,meadow springs,4805,nsw,19430206,2993599
rec-297-org,alysha,nguyen,7,hurley street,avenue road,brunkerville,3944,nsw,19970304,4977712
rec-298-org,blake,howie,1,cutlack street,belmont park belted galloway stud,budgewoi,6017,vic,19250301,5180548
rec-299-org,dylan,blacklow,7,stenhouse close,flr 5 john flynn medical centre,vermont,2538,nsw,19390222,8225337
rec-300-org,matilda,clarke,113,gritten street,gloccamorra,fletcher,3051,vic,19721108,8416016
rec-301-org,benjamin,campbell,26,cockburn place,kangaroo gnd,banyo,2605,nsw,19180920,2472793
rec-302-org,jack,ryan,109,lampard circuit,bega flats,lennox head,6066,nsw,19690724,4124424
rec-303-org,maria,dun,28,sheaffe street,brookvale,midway point,2229,wa,19990308,2567879
rec-304-org,zoe,wastell,530,mount vernon drive,bandera,burwood,3350,vic,19981215,6868962
rec-305-org,timothy,elphick,28,waratah street,main beach medical centre,maida vale,6069,vic,19391124,3887226
rec-306-org,samuel,loos,60,gilday place,eriswell park,kinross,2646,qld,19350908,9238386
rec-307-org,macey,pascoe,9,macrobertson street,diamond water cvn,highett,7320,nsw,19470710,5499383
rec-308-org,michael,maynard,132,rogers street,leisure living vlge,pooraka,2144,nsw,19570508,3096389
rec-309-org,eliza,campbell,113,dines place,villa 74 village glen,figtree,2770,nsw,19651205,1754771
rec-310-org,amber,white,40,bateman street,lakewood estate,dungog,3207,qld,19671129,7353997
rec-311-org,noah,maier,2,cromwell circuit,pine view,ryde,4700,nsw,19020410,4418189
rec-312-org,sarah,green,9,mceachern crescent,watchorns hill,southbank,3163,qld,19550529,5453855
rec-313-org,amelia,mo,46,,rowethorpe,waterloo,2017,vic,19010613,6555841
rec-314-org,chelsea,meaney,74,blamey crescent,nuffield village,pymble,4812,nsw,19151116,3266277
rec-315-org,erin,kunoth,131,wyselaskie circuit,grange house,wendouree,6107,vic,19340721,4791842
rec-316-org,jordan,white,8,,,ryde,2148,vic,19890416,6617539
rec-317-org,amber,nicolakopoulos,38,atkinson street,mount patrick,edgewater,2905,sa,19910707,9220881
rec-318-org,kiria,grossman,41,maribyrnong avenue,greta main,buninyong,3163,sa,19180518,3161935
rec-319-org,juliana,campbell,18,nicholls place,illuka park,ridleyton,6720,nsw,19540308,2165254
rec-320-org,harrison,capurso,7,erldunda circuit,bellbird ctge,jan juc,6233,vic,,4086030
rec-321-org,ruby,rogan,6,guthridge crescent,eldeslee vlge,parkside,6050,vic,19050201,6557114
rec-322-org,ayla,mccarthy,268,weavers crescent,yenda units,lake munmorah,3094,qld,19541018,1627605
rec-323-org,peta,tarsissi,,rivett street,glen alvie rsd,kendall,3128,nsw,19641102,1498722
rec-324-org,aidan,finlay,27,maribyrnong avenue,villa 3,roleystone,2000,,19131116,8412107
rec-325-org,ruby,nguyen,4,wheatley street,glenfyne angus stud,keilor east,6008,wa,19400526,8118562
rec-326-org,daniel,heron,2,gaunson crescent,munmurra park,jesmond,2456,nsw,19091018,9362456
rec-327-org,aleisha,campbell,4,mackay crescent,,coolamon,5011,sa,19910630,3454612
rec-328-org,ronan,zatorski,13,lott place,bobblegigbie,ringwood east,5109,qld,19870107,5925683
rec-329-org,robert,wilczek,60,sugarloaf circuit,eldwick,thirroul,2325,nsw,19630615,5960552
rec-330-org,helena,haskett,5,namadgi circuit,ryanfield,berowra heights,7307,qld,19560926,3772585
rec-331-org,harrison,whaipe,19,westall place,ainslie house,baranduda,3220,qld,19170531,7892154
rec-332-org,caleb,quill,9,rosebery street,laura pengilly wing,granville,5007,nsw,19040203,8733587
rec-333-org,joshua,akot,8,edmunds place,villa 18,dapto,6071,vic,19010703,3188786
rec-334-org,nicolas,bartel,160,furphy place,bridgewater estate,ekibin,3630,nt,19890220,2422771
rec-335-org,noah,reid,10,ellerston avenue,ahwahnee,inglewood,3039,vic,19310305,2293151
rec-336-org,tess,pembroke,95,lawes place,sheep station,brookvale,4605,vic,19890611,6248469
rec-337-org,jordan,morrison,45,church lane,killarney park,albany creek,2770,nsw,19850727,4295797
rec-338-org,harry,bjorksten,47,crisp circuit,retirement village,fullarton,4101,nsw,19830511,3332626
rec-339-org,samuel,kontopoulos,11,bamir square,pleasant view,carnegie,3631,vic,19870312,9712523
rec-340-org,ella,rawlings,55,henty street,don ray,moruya,4870,vic,19810122,9723395
rec-341-org,lushia,reid,6,dunn place,hd allenby,karanja,4207,nsw,19111022,1691582
rec-342-org,elli,noble,1,saggers close,tinaroo falls,spearwood,6330,vic,19420501,9762210
rec-343-org,steven,green,9,duigan place,dunbar heights,pennant hills,7010,qld,19760329,8403741
rec-344-org,mitchell,les,8,dexter street,blythelands,upper coomera,2011,nsw,19430227,9870170
rec-345-org,emiily,rankine,32,blackham street,sapri,campbelltown,5068,vic,19060404,3688640
rec-346-org,,nabialek,,warby place,,margaret river,2224,sa,19191126,2473424
rec-347-org,alexandra,steers,38,banambila street,john flynn medical centre,taree,2820,vic,19560329,6925665
rec-348-org,leah,clarke,2,iterra place,brentwood village,new farm,4109,vic,19650213,9701390
rec-349-org,ryleh,burford,3,bendigo street,shady creek,warrandyte,4217,wa,19050504,8427851
rec-350-org,jayden,death,13,lyle place,omearas farm,leeton,2111,vic,19880218,2543380
rec-351-org,tara,maczkowiack,24,kleinig street,brentwood village,kennington,3058,nsw,19490204,3912484
rec-352-org,kobe,miliano,89,sprent street,glenlee,eaglehawk,2040,qld,19710302,6038986
rec-353-org,zachary,bartel,116,leist street,the gums,hawthorn,3178,vic,19481219,9052374
rec-354-org,lily,wastell,2,clare dennis avenue,glen arthur,marsden,2118,sa,19720903,2526870
rec-355-org,eva,painter,116,castleton crescent,mawingo,malvern east,3338,nsw,19770419,6468703
rec-356-org,zack,brock,87,top nass,,hyde park,4740,nsw,19130124,8703977
rec-357-org,chelsea,blackwell,37,grounds crescent,c/o post office,emerald,4210,sa,19390203,6074956
rec-358-org,gabriel,estcourt,3,banks street,the mews royal hotel bldg,renown park,2541,nsw,19210501,3783783
rec-359-org,joshua,cloke,11,mcquade close,malinga,kyabram,2650,,19640531,9168763
rec-360-org,jack,redmond,6,beaver place,john flynn medical centre,surry hills,4165,qld,19321116,4060196
rec-361-org,garth,clarke,11,yampi place,thistledoo,noble park,5608,vic,19760322,9574946
rec-362-org,jessica,ditty,22,dunlop street,oak-lodge,bundaberg,3183,nsw,19500328,6813350
rec-363-org,kirra,campbell,29,groom street,rockleigh cottage,north ryde,3206,nsw,19951128,9444838
rec-364-org,reganne,mayer,47,,fraser lodge,marsfield,3465,vic,19741017,8978233
rec-365-org,ned,kalka,3,tinderry circuit,silverweir,hazelwood north,2040,vic,19820419,7612543
rec-366-org,callum,webb,110,callaghan street,emerald garden,lockleys,3166,vic,19000429,2494767
rec-367-org,reganne,sanakidis,20,broadhurst street,sawtell vet hosptl & clnc,kyabram,5279,vic,19621217,7989856
rec-368-org,ned,feeney,2,barringer street,holmeleigh,brighton,3165,vic,19071029,1440128
rec-369-org,caitlin,dixon,42,leahy close,rowethorpe,midway point,3926,vic,19980907,6375470
rec-370-org,isabella,lowe,18,wolff crescent,learmont,sylvania,2032,nsw,19771116,5672191
rec-371-org,nicholas,noble,5,downes place,buena vista,greenacre,4220,nsw,19330331,3691864
rec-372-org,lachlan,pascoe,5,hodgson crescent,inishmore,toowong,2766,vic,19470107,1606779
rec-373-org,yasmin,reid,8,gurr street,gunn's gully,san remo,2011,nsw,19530308,5213022
rec-374-org,chelsea,ryan,13,myles close,,stonyfell,5159,nsw,19510812,5489594
rec-375-org,elise,miles,63,oliver street,rosetta village,byford,4670,nsw,19930514,1613758
rec-376-org,phoebe,whisson,12,glasgow street,white house,kandos,2770,nsw,19870307,4025481
rec-377-org,joselyn,moody,92,bromell circuit,cloverdene,ashfield,2285,sa,19380115,4236077
rec-378-org,william,margush,14,bindaga street,unt 2,yackandandah,3150,nsw,19780603,3588509
rec-379-org,chloe,herbert,30,canberra avenue,bombowlee,humpty doo,5068,vic,19791208,1380182
rec-380-org,kyle,badawee,5,staunton place,dockside marina b,mount warren park,3138,qld,19391213,3257675
rec-381-org,brooke,obersteller,13,hovea street,plainbrook,preston,3095,nsw,19361218,8188130
rec-382-org,ella,mahon,51,ulm street,naygoondy,northmead,2086,nsw,19330520,4464237
rec-383-org,angus,mcgregor,1,,rosetta village,chelsea heights,3020,wa,19170409,8677579
rec-384-org,michael,richmond,7,tanumbirini street,professional centre,bundaberg,3020,sa,19650831,6836733
rec-385-org,eliza,schwidder,49,ashley drive,,homebush,4740,vic,19071013,5457556
rec-386-org,bradley,crook,140,jacka crescent,locn 1699,south brisbane,4380,nsw,19480319,4421582
rec-387-org,alexander,eglinton,1,grampians street,ben hill,birkenhead,3885,vic,19700511,2618040
rec-388-org,ewan,whiteley,23,bennelong crescent,,glen innes,3171,nsw,19840205,1326266
rec-389-org,william,mccarthy,47,culgoa circuit,research station,evans head,6110,nsw,19010118,1681813
rec-390-org,rebecca,white,34,wilkins street,,campbelltown,5038,vic,19040710,7459820
rec-391-org,noah,mason,29,william hudson crescent,court units,elwood,3155,sa,19500215,8353213
rec-392-org,harrison,reid,45,sangster place,mount valley van park,harbord,5158,tas,19451222,7347950
rec-393-org,alexander,,41,fink crescent,rubicon,orange,3041,nsw,19620324,7933489
rec-394-org,lachlan,ryan,51,totterdell street,roseglen,dalby,3168,qld,19480724,7284475
rec-395-org,casey,white,27,dolling crescent,sundowner centre,springwood,2444,wa,19481024,8939482
rec-396-org,nell,campbell,4,stroud place,st pauls court,lindfield,6011,vic,19170614,5659846
rec-397-org,elizabeth,wojciechowski,16,walker crescent,phillip lodge,winston hills,2250,vic,19190118,6972527
rec-398-org,judah,boyle,289,mcmillan crescent,sapama park,west kempsey,2225,wa,19000503,8429976
rec-399-org,teagan,white,54,knoll place,wangaya,padstow,6107,nsw,19210314,9334133
rec-400-org,emiily,paine,26,bussell crescent,koyo,karratha,3977,vic,19750805,7519967
rec-401-org,ella,guyatt,19,domain street,lansdowne,st kilda east,5417,vic,19360703,9745316
rec-402-org,hugo,sporn,150,clive steele avenue,kurrajong,peechelba,5212,qld,19420523,8443463
rec-403-org,marcus,stoneman,273,pankhurst crescent,glenfenzie,joondalup,2126,nsw,19200506,3830720
rec-404-org,connor,petrillo,46,roebuck street,oakdale,boronia heights,7051,vic,19400425,8000924
rec-405-org,jazz,dallas,82,wattle street,glenefer garden,clapham,3788,nsw,19780723,4927681
rec-406-org,chelsea,,186,spofforth street,,clare,2750,vic,19560408,9709885
rec-407-org,riley,rees,9,archibald street,wispering pines,coonabarabran,5162,wa,19700922,4932145
rec-408-org,charles,rees,19,hobby place,locn 2557 talland,orange,6210,vic,19710428,6849799
rec-409-org,beau,eyles,268,solomon crescent,table mountain,granya,5280,nsw,19970827,8983029
rec-410-org,makayla,thredgold,9,chillagoe street,west road,campbellfield,5107,nsw,19530218,5691229
rec-411-org,thomas,egan,374,tipping place,timbara,peterborough,3585,tas,19430730,4456007
rec-412-org,kyle,pascoe,14,cygnet crescent,shadell,abbotsford,4069,wa,19901202,5389384
rec-413-org,samuel,eglinton,17,tanumbirini street,birks harbour,raymond terrace,2176,vic,19690927,1843263
rec-414-org,benjamin,liccioni,2,golden grove,jestarlei,lavington,2042,wa,19100711,2197467
rec-415-org,neneh,large,14,onkaparinga crescent,heritage manor est,woollahra,4352,sa,19950725,8160717
rec-416-org,harrison,zanelli,62,britten-jones drive,weeroona,exeter,4305,nsw,19870724,8743573
rec-417-org,adam,smithson,4,newman morris circuit,medical centre,springwood,2087,nsw,19181006,7935674
rec-418-org,simone,goz,313,marconi crescent,alabama,bayswater,3029,qld,19080313,1331839
rec-419-org,james,mcclelland,9,chandler street,glen elgin,hinchinbrook,4350,nsw,19270128,5369982
rec-420-org,kate,stephenson,8,sinclair street,brentwood vlge,ryde,5333,sa,19051012,4182623
rec-421-org,deakyn,cannell,20,vansittart crescent,st vincents medical centre,,6065,nsw,19951221,1255552
rec-422-org,talia,rees,13,lethbridge street,,bronte,3038,nsw,19800402,4895894
rec-423-org,william,corrie,17,degraves crescent,sec 1,parkinson,4741,nsw,19610614,5150424
rec-424-org,nicholas,george,25,kambah vlge,casuarina shoppingsqre,fish creek,3585,nsw,19370405,8589026
rec-425-org,shantal,psorakis,61,barcoo place,stonyridge,hawthorn,2324,vic,19850722,6633125
rec-426-org,robert,clarke,42,miller street,central highlands medical centre,port macquarie,3337,vic,19601221,8342535
rec-427-org,jordan,vincent,7,carnegie crescent,dargam,floreat,3032,nsw,19101107,3591952
rec-428-org,bailey,stanley,30,colmer street,rocklea,rowes bay,0850,nsw,19010804,3200988
rec-429-org,matisse,kromwyk,14,charterisville avenue,phillip lodge,toowoomba,2880,nsw,19190122,1739657
rec-430-org,joshua,fogliano,522,hawdon street,francis chambers,bonville,6167,qld,19290927,3505678
rec-431-org,jack,wastell,91,bromell circuit,mount beauty,springwood,3184,nsw,19030130,1134532
rec-432-org,alexander,stephenson,319,kinsella street,windy gully,lalor,5043,vic,19940316,1986381
rec-433-org,cameron,cioffi,18,harpur street,inverneath,new farm,2153,qld,19860725,7511789
rec-434-org,lachlan,haussen,11,moonta place,milmilland,burwood east,2166,nsw,19180722,3285099
rec-435-org,harry,wilde,55,blythe close,marsden,ballarat north,3058,nsw,19270322,8514644
rec-436-org,jackson,lehane,115,totterdell street,hawksview,balwyn north,2099,wa,19390312,2738637
rec-437-org,mikayla,heans,2,alexandra street,anona farm,broken hill,2444,qld,19510303,7694084
rec-438-org,alison,hearn,4,macdonnell street,cabrini medical centre,adelaide,2720,vic,19191230,2937695
rec-439-org,mia,kamp,55,jardine street,gonzaga,pooraka,2161,sa,19400617,1084495
rec-440-org,james,alderson,52,bellchambers crescent,paddy's river,,3337,qld,19071013,4232347
rec-441-org,william,edson,,fitzhardinge crescent,windy gully,ashwood,3078,nsw,19530403,3148460
rec-442-org,william,matthews,5205,tunney crescent,rainbow downs,andergrove,2146,nsw,19981106,7834791
rec-443-org,olivia,matthews,7,frater crescent,waterdale,marmion,3185,qld,19230219,8833281
rec-444-org,alana,zoanetti,19,gudgenby close,,birkdale,2113,sa,19510214,1412351
rec-445-org,jaxin,mccarthy,46,dalyell street,wiringa,marsden,3142,nsw,19640914,9531739
rec-446-org,callum,everett,13,grayson street,logan central plaza,willetton,2621,sa,19840331,2551623
rec-447-org,april,mcgregor,4,launceston street,hawkins masonic vlge,kardinya,2207,wa,19541028,8809810
rec-448-org,scott,lodge,2,haynes place,glenfine station,flagstaff hill,6060,vic,19651012,1604189
rec-449-org,angie,webb,18,ross smith crescent,,hughes,2380,nsw,19320523,7667880
rec-450-org,harrison,stanley,69,macalister crescent,applewoods,thornlie,5063,qld,19871206,4461645
rec-451-org,daniel,chandler,31,porteous crescent,northaven,ashwood,2152,vic,19410825,3631138
rec-452-org,riley,kelley,8185,edmond close,leisure living vlge,mount stuart,2760,wa,19390207,9887277
rec-453-org,edward,denholm,10,corin place,gold tyne,clayfield,4221,vic,19660306,7119771
rec-454-org,jordan,webb,62,padbury street,poitrel,dynnyrne,5089,sa,19851106,1985006
rec-455-org,mia,shepherd,7,churchill way,greenslopes,seven hills,2449,vic,19760830,3991319
rec-456-org,jaxson,ryan,51,staunton place,wilderness,greenacre,6430,vic,19270613,7731951
rec-457-org,thomas,mcauslan,14,truganini place,,bongaree,5046,nt,19801028,8944611
rec-458-org,blake,cheers,217,rees place,,dalby,6021,qld,19751205,6719640
rec-459-org,joshua,arbalis,60,gabriel place,the meadows,lilydale,2045,vic,19230819,5884108
rec-460-org,lara,paine,89,hibbins place,hawkins masonic vlge,compton,2444,nsw,19710418,3544402
rec-461-org,lucas,portlock,2,mccaw place,greenwood,ascot vale,2680,nsw,19960325,7237519
rec-462-org,sienna,ryan,3,laycock place,fred lean hostel,lalor,4702,nsw,19680321,4809923
rec-463-org,molly,slape,23,currie crescent,dickson family practice,glenwood,2777,wa,19370706,6905342
rec-464-org,amy,britten,4,whiteside court,gumnut cottage,kirwan,2330,nsw,,2001865
rec-465-org,hannah,gluck,63,noble close,,kolodong,4352,vic,19760710,9951963
rec-466-org,rhys,stubbs,155,cockle street,teralba caravn park,marsden,3148,qld,19931202,8594688
rec-467-org,caitlin,berry,188,roseworthy crescent,whispering pines,toodyay,3150,qld,19400622,2073490
rec-468-org,connor,arda,35,fenner street,summervale,south melbourne,2530,wa,19750417,9721130
rec-469-org,emiily,eglinton,110,solomon crescent,crowden,bendemeer,2602,vic,19970213,6929273
rec-470-org,harry,bishop,5,darwinia terrace,craigston l1bg,glenmore park,4380,wa,19781114,7781607
rec-471-org,lucas,mcgregor,29,brigden crescent,deridgeree,uplands,3135,nsw,19491115,7215881
rec-472-org,mason,mccarthy,223,claxton crescent,parkmoor,hahndorf,3111,nsw,19251019,8544264
rec-473-org,amalia,lowe,242,cobbett place,walnut grove estate,mooroolbark,2153,qld,19490507,9275399
rec-474-org,pino,snelling,82,fitzalan street,torrington,avondale heights,2170,nsw,19380415,6497858
rec-475-org,mitchell,mousellis,11,bougainville street,river mews,safety bay,2722,nsw,19480302,2186834
rec-476-org,kyle,armiento,266,jaeger circuit,kookaburra village,springwood,7307,vic,19570728,3494623
rec-477-org,nikita,helliar,30,northbourne avenue,henry kendall bayside,beaudesert,6057,vic,19500323,2105506
rec-478-org,jack,collinson,4,blowering street,canobolas caravn park,leeton,4221,nsw,19821223,5810985
rec-479-org,joshua,webb,10,beetaloo street,tongeroo,brighton,6110,qld,19040213,5702764
rec-480-org,luke,mcphie,20,wheadon street,beltunga,christmas creek,6058,nsw,19110123,8869942
rec-481-org,james,kang,11,frayne place,,concord,4869,qld,19350731,7427314
rec-482-org,wilson,white,22,bellinger circuit,brentwood vlge,carine,5540,qld,19330625,7471491
rec-483-org,eva,leppard,,kurrama close,casuarina village,port macquarie,5280,nsw,19370728,8035602
rec-484-org,nathan,white,113,chewings street,ballawinna stud,oak park,4118,nsw,19981116,2568695
rec-485-org,patrick,george,1,coxen street,belleview,urangan,4051,nsw,19371129,5526595
rec-486-org,emiily,lipscombe,29,fernyhough crescent,carinya vlge,seaton,4503,vic,19031116,2893427
rec-487-org,jaggah,estanillo,4,amagula avenue,sec 2128,devonport,2480,nsw,19350318,6334723
rec-488-org,michael,seib,107,spain place,heritage est,carine,3802,tas,19520914,7908615
rec-489-org,brandon,strangway,177,robert campbell road,dryrock gulch,toowoomba,4121,nsw,19220610,4691109
rec-490-org,crystal,webb,6,holman street,rowethorpe,nowra,3095,vic,19800226,6491894
rec-491-org,courtney,petersen,9,abercrombie circuit,myross,canterbury,2200,vic,19331227,9627876
rec-492-org,carly,matthews,14,mcnamara street,henry kendall hostel,aroona,2257,nsw,19460115,6001116
rec-493-org,katelyn,blackwell,127,ferrier place,northwood park,chelsea heights,4211,qld,19570409,8541055
rec-494-org,elisha,gibb,59,weavell place,st vincents hospital,tawonga south,2119,nsw,19490606,8704563
rec-495-org,madison,renfrey,7,mcdougall street,pine hill,bundaberg,6010,vic,19070611,5700724
rec-496-org,alicia,heron,262,verbrugghen street,oxley's way,mount helen,2560,qld,19320131,7028101
rec-497-org,emiily,cobbin,3,knox street,robina,camperdown,2230,wa,19991209,9931751
rec-498-org,oliver,nguyen,114,mulder place,shalestone,elizabeth park,2150,vic,19190909,6981679
rec-499-org,james,reece,35,delprat circuit,villa 5,woorinen,4870,qld,19730623,1718031
